RTCid,Parent,Sprint,SP
1011684,342054,14.2,1
1011649,395871,14.2,2
1011486,396819,14.1,1
1011484,385856,14.3,2
1011483,385856,14.3,3
1011471,395174,14.5,2
1011370,384036,14.3,2
1011349,384036,14.2,2
1011346,384036,14.2,2
1011344,384036,14.2,1
1011339,354680,14.2,3
1011333,354680,14.2,1
1011277,353345,14.2,1
1011276,353345,14.2,1
1011274,390286,14.3,2
1011260,384036,14.2,1
1011259,384036,14.2,1
1011258,384036,14.2,2
1011257,384036,14.2,1
1011256,384036,14.2,2
1011166,395871,14.2,1
1011049,372921,14.2,3
1011023,388076,14.2,2
1011022,342054,14.2,3
1011010,388076,14.2,2
1010897,388076,14.2,3
1010896,386935,14.2,1
1010887,1006843,14.2,2
1010885,354646,14.3,3
1010883,1005740,14.1,1
1010882,388004,14.2,1
1010881,387448,14.2,1
1010880,377437,14.2,2
1010879,382895,14.1,1
1010713,377437,14.5,1
1010708,389549,14.2,1
1010663,396819,14.2,2
1010459,384036,14.2,2
1010432,395855,14.2,1
1010405,395174,14.4,3
1010393,390286,14.2,2
1010273,378000,14.1,2
1010120,396819,14.1,3
1009991,354680,14.3,1
1009987,396437,14.2,2
1009986,396437,14.2,1
1009935,342054,14.4,1
1009934,342054,14.4,5
1009933,342054,14.4,1
1009932,342054,14.4,1
1009930,318380,14.1,1
1009929,318380,14.1,2
1009928,318380,14.1,1
1009907,368860,14.1,5
1009818,395174,14.4,3
1009817,395174,14.2,3
1009816,395174,14.4,3
1009510,318430,14.1,1
1009493,384036,14.1,1
1009457,354174,14.1,2
1009291,318430,14.2,1
1009091,1001912,14.2,3
1009066,384036,14.1,1
1009021,396819,14.1,2
1009017,382895,14.1,2
1009015,382895,14.1,1
1009012,382895,14.1,2
1008981,378000,14.1,1
1008840,381608,14.1,1
1008818,379761,14.3,1
1008817,354871,14.5,3
1008816,378000,14.1,8
1008804,372921,14.4,3
1008736,381524,14.4,5
1008734,386935,14.1,2
1008724,381524,14.4,2
1008721,381524,14.3,2
1008719,396819,14.5,2
1008718,396819,14.4,2
1008715,396819,14.3,2
1008714,396819,14.2,2
1008713,396819,14.1,2
1008712,396819,14.5,2
1008711,396819,14.4,2
1008710,396819,14.3,2
1008709,396819,14.2,2
1008707,396819,14.1,2
1008697,384084,14.4,1
1008689,384084,14.3,1
1008685,384084,14.2,2
1008681,384084,14.2,1
1008673,384084,14.2,2
1008663,384036,14.1,3
1008653,388549,14.2,2
1008646,395373,14.4,3
1008645,395373,14.3,3
1008644,385442,14.4,1
1008643,395373,14.1,3
1008640,354680,14.2,2
1008639,1004171,14.3,2
1008638,395373,14.4,5
1008635,1001912,14.3,3
1008631,396819,14.3,2
1008626,395835,14.3,1
1008625,1007536,14.4,3
1008623,1007536,14.4,2
1008622,395835,14.1,1
1008621,1007536,14.4,2
1008615,1004171,14.2,2
1008612,396819,14.5,3
1008611,1007536,14.2,3
1008610,395373,14.3,5
1008609,392743,14.2,3
1008605,392743,14.2,2
1008600,395373,14.2,5
1008593,1001248,14.3,1
1008592,1001248,14.3,1
1008591,354174,14.3,3
1008590,354174,14.2,2
1008589,354174,14.2,2
1008588,354174,14.2,2
1008587,354174,14.2,1
1008586,354174,14.2,1
1008585,392743,14.4,1
1008584,392743,14.3,1
1008583,392743,14.2,1
1008582,392743,14.2,1
1008556,384036,14.4,3
1008555,390286,14.2,1
1008553,384036,14.3,2
1008550,354680,14.3,3
1008549,354680,14.4,1
1008547,354680,14.4,1
1008546,354680,14.4,1
1008545,354680,14.4,1
1008542,378000,14.1,8
1008536,384136,14.3,3
1008534,352931,14.2,3
1008533,384136,14.4,3
1008532,385856,14.4,3
1008529,354680,14.2,3
1008526,354646,14.2,1
1008525,354646,14.1,1
1008524,1001248,14.3,3
1008521,396819,14.1,1
1008494,396272,14.4,2
1008493,1001636,14.5,1
1008491,381608,14.1,1
1008490,381608,14.1,1
1008488,381608,14.1,2
1008486,384136,14.1,5
1008482,395174,14.2,1
1008480,395174,14.1,1
1008478,392530,14.2,1
1008477,392530,14.1,3
1008476,392530,14.1,1
1008465,318430,14.1,2
1008463,395871,14.2,2
1008460,395871,14.2,1
1008456,1004171,14.2,2
1008455,384036,14.4,2
1008454,1004171,14.3,1
1008453,290711,14.1,1
1008452,318430,14.1,2
1008448,396272,14.1,2
1008444,368860,14.3,1
1008443,368860,14.2,1
1008409,1001636,14.1,2
1008408,1001636,14.1,3
1008407,395373,14.3,3
1008406,395373,14.3,3
1008405,386935,14.4,1
1008404,386935,14.3,1
1008403,386935,14.4,1
1008402,386935,14.3,1
1008401,386935,14.2,1
1008398,1002345,14.3,1
1008397,396002,14.1,1
1008396,354680,14.3,2
1008394,354680,14.3,2
1008393,354680,14.3,2
1008392,354680,14.4,1
1008391,354680,14.4,2
1008390,354680,14.2,3
1008389,354680,14.4,3
1008388,354680,14.4,3
1008387,354680,14.3,2
1008385,354680,14.3,2
1008384,354680,14.2,2
1008377,354680,14.2,2
1008376,354680,14.2,3
1008375,354680,14.2,1
1008373,354680,14.2,1
1008372,354680,14.2,3
1008370,354680,14.2,3
1008369,354680,14.2,1
1008335,386935,14.1,3
1008272,384036,14.3,5
1008265,388053,14.1,2
1008264,368860,14.4,1
1008263,368860,14.3,1
1008262,368860,14.2,1
1008261,368860,14.1,1
1008260,368860,14.4,1
1008259,368860,14.3,1
1008258,368860,14.2,1
1008255,388549,14.4,5
1008254,388549,14.3,5
1008253,388549,14.4,5
1008252,388549,14.4,2
1008251,388549,14.2,2
1008250,388549,14.2,3
1008249,388549,14.4,3
1008248,388549,14.4,3
1008246,354680,14.1,5
1008245,354680,14.1,1
1008244,354680,14.3,3
1008243,354680,14.3,1
1008242,354646,14.1,2
1008240,354646,14.2,3
1008239,354646,14.1,5
1008231,1007536,14.3,5
1008230,395871,14.5,1
1008229,395871,14.3,1
1008209,354680,14.3,3
1008208,354680,14.1,5
1008207,354680,14.1,5
1008185,384036,14.3,3
1008177,396308,14.1,1
1008172,396308,14.5,1
1008171,396308,14.4,1
1008170,396308,14.3,1
1008169,396308,14.2,1
1008168,396308,14.1,1
1008143,395871,14.5,1
1008142,395871,14.4,1
1008141,395871,14.3,1
1008140,395871,14.2,1
1008138,395871,14.1,1
1008134,384036,14.3,3
1008118,1000847,14.1,3
1008115,1006376,14.4,2
1008110,381524,14.4,5
1008088,392743,14.3,1
1008072,384036,14.3,3
1008071,384036,14.2,2
1008069,387448,14.4,1
1008068,387448,14.3,1
1008067,387448,14.2,1
1008066,387448,14.4,2
1008065,387448,14.3,2
1008064,387448,14.2,2
1008063,385856,14.3,2
1008062,388053,14.4,2
1008061,388053,14.3,1
1008060,388053,14.4,5
1008059,388053,14.3,5
1008057,387448,14.3,1
1008054,388053,14.4,3
1008053,388053,14.3,3
1008052,388053,14.2,2
1008051,379761,14.2,1
1008050,368860,14.4,2
1008049,368860,14.4,2
1008048,368860,14.4,1
1008047,368860,14.4,1
1008046,368860,14.4,1
1008045,368860,14.2,2
1008043,368860,14.3,1
1008042,368860,14.2,1
1008041,368860,14.3,1
1008040,368860,14.2,1
1008039,368860,14.1,1
1008038,1007569,14.4,3
1008037,1001636,14.3,1
1008036,1007569,14.4,3
1008035,395373,14.4,1
1008034,395373,14.3,1
1008033,395373,14.2,1
1008032,1007569,14.3,1
1008028,395373,14.3,1
1008026,395373,14.4,3
1008015,390286,14.2,3
1008013,390286,14.1,1
1008003,396819,14.3,3
1007999,389549,14.1,3
1007988,385442,14.4,2
1007987,385442,14.3,2
1007976,388004,14.1,1
1007933,1001912,14.4,3
1007932,1001912,14.3,2
1007931,1001912,14.2,2
1007930,1001912,14.1,2
1007929,377408,14.4,1
1007928,1001912,14.1,3
1007927,1001912,14.2,2
1007926,1001912,14.3,2
1007925,1001912,14.4,2
1007924,1001912,14.4,5
1007923,384036,14.4,2
1007922,384036,14.3,2
1007921,1001912,14.3,5
1007920,384036,14.2,1
1007919,1001912,14.2,5
1007918,1001912,14.1,5
1007917,1001912,14.1,3
1007916,1001912,14.2,3
1007915,1001912,14.3,3
1007914,1001912,14.4,3
1007909,1001912,14.4,3
1007907,1001912,14.3,2
1007906,1001912,14.2,2
1007905,1001912,14.1,2
1007904,1001912,14.3,2
1007903,1001912,14.2,3
1007902,1001912,14.3,3
1007901,1001912,14.4,3
1007899,1001912,14.4,5
1007898,1001912,14.3,5
1007897,1001912,14.2,5
1007895,1001912,14.1,2
1007894,1001912,14.4,5
1007893,1001912,14.3,5
1007891,1001912,14.2,3
1007877,342054,14.3,3
1007875,384136,14.3,2
1007864,1007569,14.2,3
1007863,1007569,14.1,3
1007857,1007569,14.5,1
1007856,1007569,14.4,1
1007855,1007569,14.3,1
1007854,1007569,14.2,1
1007853,1007569,14.1,1
1007849,1007569,14.5,2
1007848,1007569,14.5,1
1007847,1007569,14.5,2
1007846,1007569,14.4,1
1007845,1007569,14.4,1
1007844,1007569,14.4,1
1007843,1007569,14.3,2
1007842,1007569,14.3,2
1007841,1007569,14.3,1
1007840,384136,14.2,3
1007839,384136,14.2,2
1007838,1006376,14.4,1
1007837,1006376,14.4,2
1007836,342054,14.3,5
1007835,342054,14.2,2
1007833,342054,14.2,3
1007831,395174,14.2,1
1007830,395174,14.2,1
1007829,395174,14.2,1
1007828,395174,14.1,1
1007827,1000204,14.3,1
1007810,1001248,14.4,3
1007808,1001248,14.2,5
1007804,383168,14.1,2
1007803,383168,14.4,3
1007802,383168,14.3,2
1007801,383168,14.3,2
1007798,383168,14.1,3
1007797,383168,14.4,1
1007790,355228,14.5,2
1007789,355228,14.4,2
1007787,355228,14.3,2
1007784,355228,14.2,2
1007783,355228,14.1,2
1007780,342054,14.3,2
1007775,1000204,14.5,3
1007770,392743,14.1,5
1007769,392743,14.1,5
1007768,388053,14.3,5
1007767,388004,14.4,3
1007766,388004,14.3,3
1007765,388004,14.3,3
1007764,388004,14.2,3
1007763,388004,14.2,3
1007762,388004,14.1,1
1007761,388004,14.1,1
1007760,388004,14.1,1
1007759,388004,14.2,2
1007753,1007536,14.1,2
1007751,1007536,14.1,2
1007748,1007536,14.1,2
1007743,279283,14.3,1
1007742,279283,14.3,1
1007741,279283,14.4,1
1007740,279283,14.2,1
1007739,279283,14.1,1
1007737,279283,14.4,1
1007736,279283,14.2,1
1007735,279283,14.1,1
1007734,395855,14.2,1
1007732,279283,14.1,2
1007729,279283,14.2,1
1007728,279283,14.1,1
1007720,385856,14.1,1
1007694,377437,14.4,3
1007683,385442,14.1,2
1007628,1005740,14.4,3
1007627,1005740,14.4,3
1007607,385856,14.3,1
1007606,385856,14.2,1
1007605,384136,14.4,1
1007604,385856,14.2,1
1007603,384136,14.4,3
1007596,1007569,14.2,1
1007595,1007569,14.2,1
1007594,1007569,14.2,1
1007593,1007569,14.1,1
1007588,1007569,14.1,1
1007587,1007569,14.1,2
1007576,355228,14.1,5
1007490,1004171,14.3,1
1007486,1004171,14.3,2
1007473,385856,14.2,1
1007472,385856,14.2,5
1007467,386935,14.3,1
1007466,386935,14.2,1
1007443,396819,14.5,1
1007442,396819,14.4,1
1007441,396819,14.3,1
1007440,396819,14.2,1
1007437,396819,14.1,1
1007435,384136,14.5,5
1007434,384136,14.4,5
1007433,384136,14.3,5
1007432,384136,14.2,5
1007390,1002036,14.4,1
1007389,1002036,14.4,1
1007388,1002036,14.4,1
1007387,1002036,14.4,1
1007383,297335,14.2,8
1007360,395871,14.3,2
1007352,379221,14.5,1
1007351,379221,14.5,1
1007350,379221,14.5,1
1007349,379221,14.5,1
1007294,387276,14.4,5
1007293,387276,14.3,5
1007292,387276,14.2,5
1007291,387276,14.1,5
1007290,388549,14.4,5
1007289,388549,14.3,5
1007285,388549,14.2,5
1007284,388549,14.1,5
1007283,387276,14.4,1
1007282,387276,14.3,1
1007270,387276,14.2,1
1007269,387276,14.1,1
1007254,1006376,14.1,2
1007201,396819,14.1,2
1007176,297335,14.5,5
1007157,388549,14.2,5
1007156,388549,14.3,3
1007155,388549,14.2,3
1007123,384136,14.2,5
1007107,384136,14.2,8
1007102,384036,14.3,3
1007101,384036,14.1,3
1007100,384036,14.4,2
1007099,384036,14.2,3
1007095,384036,14.3,5
1007094,384036,14.4,5
1007092,384036,14.2,3
1007085,384036,14.1,3
1007051,396437,14.2,1
1007049,384136,14.3,2
1007048,396415,14.4,2
1007047,396415,14.5,2
1007046,396415,14.4,2
1007042,1005740,14.3,5
1007030,1006376,14.4,5
1007029,1006376,14.4,2
1007028,384136,14.3,3
1007026,1006376,14.1,2
1007016,384036,14.1,3
1007014,384036,14.3,3
1007013,384036,14.2,3
1007012,384036,14.1,3
1007010,384036,14.3,5
1006992,384036,14.4,3
1006982,384136,14.3,3
1006979,388076,14.1,1
1006978,388076,14.1,3
1006976,388076,14.1,3
1006975,388076,14.2,2
1006955,379761,14.1,1
1006953,379761,14.2,1
1006952,384136,14.2,2
1006948,342054,14.3,2
1006947,342054,14.4,1
1006942,342054,14.2,5
1006940,384136,14.1,5
1006933,384036,14.3,1
1006932,384036,14.2,1
1006922,342054,14.5,2
1006916,342054,14.4,2
1006883,384036,14.3,3
1006877,384036,14.4,5
1006873,384036,14.3,3
1006864,318430,14.1,3
1006852,1006843,14.4,5
1006851,1006843,14.4,2
1006849,1006843,14.4,1
1006820,396415,14.5,2
1006819,396415,14.4,5
1006818,396415,14.3,5
1006817,396415,14.2,5
1006816,396415,14.1,5
1006800,378000,14.1,1
1006799,378000,14.1,1
1006794,378000,14.1,2
1006792,388053,14.3,2
1006790,388053,14.2,2
1006780,386935,14.4,1
1006763,342054,14.3,5
1006761,342054,14.1,2
1006757,378000,14.1,5
1006741,1001912,14.4,5
1006730,395174,14.5,1
1006709,384136,14.4,3
1006708,384136,14.2,3
1006667,376446,14.2,3
1006616,385442,14.2,5
1006613,385442,14.4,3
1006605,385442,14.3,5
1006604,385442,14.4,3
1006603,385442,14.2,2
1006598,385442,14.2,2
1006597,385442,14.4,5
1006596,385442,14.3,3
1006585,388053,14.4,1
1006584,388053,14.5,1
1006583,388053,14.2,5
1006521,387448,14.1,2
1006519,388053,14.1,2
1006482,378000,14.1,3
1006480,378000,14.1,1
1006474,378000,14.1,5
1006454,376446,14.3,3
1006453,376446,14.3,2
1006452,376446,14.2,2
1006307,388549,14.4,5
1006306,388549,14.3,5
1006305,388549,14.2,5
1006303,388549,14.4,2
1006302,388549,14.3,2
1006301,388549,14.2,2
1006300,388549,14.1,2
1006299,388549,14.1,5
1006298,388549,14.3,3
1006297,388549,14.2,3
1006296,388549,14.1,3
1006294,388549,14.4,5
1006293,388549,14.3,5
1006292,388549,14.2,8
1006291,388549,14.1,3
1006290,388549,14.4,8
1006289,388549,14.3,8
1006288,388549,14.2,8
1006287,388549,14.1,8
1006286,388549,14.4,8
1006285,388549,14.3,8
1006284,388549,14.2,8
1006283,388549,14.4,2
1006281,388549,14.3,2
1006280,388549,14.2,2
1006278,388549,14.1,2
1006275,388549,14.4,2
1006274,388549,14.3,2
1006273,388549,14.2,2
1006272,388549,14.4,5
1006271,388549,14.3,5
1006270,388549,14.2,5
1006269,387276,14.5,3
1006267,387276,14.4,2
1006266,387276,14.3,2
1006149,1005740,14.2,5
1006148,1005740,14.1,5
1006147,1005740,14.4,1
1006146,1005740,14.2,1
1006058,395855,14.5,1
1005938,387276,14.4,1
1005937,387276,14.3,1
1005936,387276,14.2,1
1005935,387276,14.4,2
1005771,388549,14.1,2
1005770,388549,14.1,5
1005602,297335,14.2,3
1005561,353134,14.1,3
1005554,395871,14.2,2
1005544,1001248,14.2,1
1005525,383165,14.5,1
1005524,383165,14.5,1
1005511,377437,14.3,3
1005510,377437,14.4,3
1005509,377437,14.2,3
1005440,353256,14.5,3
1005415,1005403,14.3,2
1005414,1005403,14.5,1
1005408,1005403,14.2,1
1005405,1005403,14.1,1
1005404,1005403,14.4,2
1005402,395174,14.2,2
1005396,395174,14.5,1
1005382,396308,14.4,1
1005381,396308,14.3,1
1005380,396308,14.2,1
1005348,1005343,14.5,5
1005347,1005343,14.4,5
1005346,1005343,14.3,8
1005345,1005343,14.2,1
1005344,1005343,14.1,5
1005286,1002381,14.4,3
1005285,1002381,14.3,5
1005284,1002381,14.2,5
1005280,388053,14.4,5
1005279,388053,14.3,5
1005278,388053,14.2,5
1004858,384136,14.1,2
1004857,384136,14.1,2
1004856,384136,14.1,2
1004738,384036,14.1,5
1004688,388053,14.1,5
1004559,354174,14.1,3
1004531,368860,14.4,2
1004530,368860,14.3,2
1004529,368860,14.2,2
1004528,368860,14.1,2
1004527,368860,14.4,2
1004526,368860,14.3,2
1004525,368860,14.2,2
1004524,368860,14.1,2
1004523,368860,14.3,2
1004522,368860,14.2,2
1004521,368860,14.2,1
1004520,368860,14.1,2
1004518,368860,14.3,2
1004517,368860,14.2,2
1004516,368860,14.3,2
1004515,368860,14.4,2
1004514,368860,14.1,1
1004513,368860,14.1,1
1004511,368860,14.2,3
1004510,368860,14.3,5
1004506,368860,14.3,1
1004505,368860,14.2,3
1004504,368860,14.2,2
1004503,368860,14.1,2
1004502,368860,14.2,1
1004501,368860,14.3,1
1004499,368860,14.3,1
1004497,368860,14.2,1
1004495,368860,14.4,1
1004494,368860,14.3,1
1004493,368860,14.2,2
1004492,368860,14.1,1
1004485,368860,14.3,1
1004484,368860,14.2,1
1004483,368860,14.1,1
1004481,368860,14.2,1
1004479,368860,14.1,1
1004478,368860,14.1,5
1004476,368860,14.1,2
1004472,368860,14.2,5
1004468,368860,14.4,2
1004467,368860,14.3,2
1004465,368860,14.2,2
1004462,368860,14.1,2
1004456,368860,14.3,2
1004455,368860,14.2,2
1004454,368860,14.1,2
1004451,368860,14.3,1
1004449,368860,14.4,1
1004448,368860,14.4,2
1004447,368860,14.3,2
1004445,368860,14.2,3
1004444,368860,14.1,1
1004442,368860,14.2,1
1004441,368860,14.3,3
1004439,368860,14.2,3
1004438,368860,14.3,2
1004436,368860,14.1,1
1004434,368860,14.2,1
1004432,368860,14.4,3
1004431,368860,14.3,1
1004430,368860,14.2,3
1004429,368860,14.1,5
1004425,368860,14.4,1
1004424,368860,14.3,1
1004423,368860,14.2,1
1004421,368860,14.1,1
1004358,381608,14.1,1
1004266,377437,14.4,3
1004262,377437,14.4,3
1004248,377437,14.1,3
1004247,377437,14.1,1
1004246,377437,14.4,3
1004245,377437,14.2,5
1004244,377437,14.3,5
1004243,377437,14.1,5
1004238,381608,14.1,1
1004170,1001248,14.3,3
1004168,1001248,14.3,2
1004167,387448,14.2,2
1004166,387448,14.2,1
1004165,387448,14.1,1
1004164,387448,14.1,2
1003894,383958,14.4,3
1003728,354871,14.5,2
1003727,354871,14.4,1
1003726,354871,14.3,1
1003724,354871,14.2,2
1003723,354871,14.1,3
1003583,354680,14.3,1
1003582,354680,14.1,2
1003581,354680,14.1,3
1003480,1002381,14.3,2
1003372,384136,14.2,3
1003263,342054,14.3,2
1003137,354871,14.5,1
1003135,354871,14.4,1
1003133,354871,14.3,1
1003131,354871,14.2,1
1003128,354871,14.1,1
1002892,353256,14.5,2
1002890,353256,14.5,2
1002886,342054,14.5,5
1002885,342054,14.5,5
1002884,342054,14.5,5
1002883,342054,14.5,2
1002548,396437,14.3,3
1002416,1002381,14.3,1
1002415,1002381,14.4,2
1002413,1002381,14.5,2
1002401,1002036,14.5,2
1002350,1002345,14.4,8
1002348,1002345,14.3,3
1002127,297335,14.5,2
1002094,1002089,14.2,3
1002091,1002089,14.3,8
1002041,1002036,14.3,1
1002040,1002036,14.4,1
1002038,1002036,14.2,1
1002037,1002036,14.5,1
1001945,395174,14.4,2
1001941,395174,14.2,2
1001935,395174,14.1,2
1001926,297335,14.5,3
1001924,297335,14.2,2
1001922,297335,14.2,3
1001921,297335,14.1,5
1001920,297335,14.5,5
1001675,372921,14.5,3
1001674,372921,14.3,3
1001673,372921,14.1,3
1001664,372921,14.5,1
1001663,372921,14.4,1
1001661,372921,14.3,1
1001659,372921,14.2,1
1001658,372921,14.1,1
1001649,1001636,14.4,1
1001646,1001636,14.2,1
1001644,1001636,14.5,2
1001642,1001636,14.5,1
1001404,385856,14.2,5
1001338,396002,14.5,1
1001336,396002,14.4,1
1001334,396002,14.3,1
1001333,396002,14.2,1
1001329,396002,14.1,1
1001262,1001248,14.5,1
1001261,1001248,14.4,1
1001260,1001248,14.4,2
1001259,1001248,14.3,2
1001254,1001248,14.3,1
1001253,1001248,14.1,5
1001252,1001248,14.2,1
1001251,1001248,14.1,2
1001247,1001248,14.2,1
1001058,297335,14.1,3
1001057,297335,14.2,5
1001056,396437,14.3,3
1001051,1000847,14.3,1
1001050,1000847,14.2,2
1001049,1000847,14.2,2
1001047,1000847,14.3,1
1001042,396437,14.3,5
1001041,396437,14.5,3
1001040,396437,14.4,5
1001039,396437,14.2,5
1001038,396437,14.1,5
1001036,396415,14.5,3
1001035,396415,14.4,5
1001034,396415,14.3,5
1001033,396415,14.2,5
1001032,396415,14.1,5
1001028,293338,14.3,5
1001026,293338,14.2,2
1000853,293338,14.2,5
1000852,293338,14.2,2
1000799,379221,14.5,1
1000798,379221,14.5,1
1000797,379221,14.5,1
1000796,379221,14.5,1
1000795,379221,14.5,1
1000794,379221,14.5,1
1000784,379221,14.2,1
1000783,379221,14.5,1
1000768,379221,14.1,1
1000767,379221,14.5,1
1000766,379221,14.5,1
1000765,379221,14.5,1
1000764,379221,14.5,1
1000763,379221,14.5,1
1000762,379221,14.5,1
1000761,379221,14.5,1
1000760,379221,14.5,1
1000759,379221,14.5,1
1000758,379221,14.5,1
1000757,379221,14.5,1
1000756,379221,14.5,1
1000755,379221,14.1,1
1000754,379221,14.5,1
1000753,379221,14.4,1
1000752,379221,14.5,1
1000751,379221,14.2,1
1000750,379221,14.3,1
1000642,396002,14.5,1
1000325,395871,14.4,1
1000324,395871,14.3,1
1000323,395871,14.2,1
1000322,395871,14.1,1
1000321,395871,14.4,1
1000320,395871,14.3,1
1000319,395871,14.2,1
1000316,396308,14.4,1
1000315,396308,14.3,1
1000313,396308,14.2,1
1000312,396308,14.1,1
1000309,396308,14.4,1
1000308,396308,14.3,1
1000307,396308,14.2,1
1000286,395871,14.5,1
1000285,395871,14.4,1
1000284,395871,14.3,1
1000283,395871,14.2,1
1000282,395871,14.1,1
1000268,396308,14.5,1
1000267,396308,14.4,1
1000266,396308,14.3,1
1000265,396308,14.2,1
1000264,396308,14.1,1
1000262,396308,14.4,1
1000261,396308,14.5,1
1000260,396308,14.3,1
1000258,396308,14.2,1
1000257,396308,14.1,3
1000249,1000204,14.5,1
1000248,1000204,14.4,5
1000247,1000204,14.3,5
1000246,1000204,14.2,5
1000245,1000204,14.1,5
1000244,1000204,14.5,3
1000243,1000204,14.4,5
1000242,1000204,14.3,5
1000241,1000204,14.2,5
1000240,1000204,14.1,2
1000239,1000204,14.5,2
1000238,1000204,14.4,5
1000237,1000204,14.3,5
1000236,1000204,14.2,5
1000235,1000204,14.1,5
1000234,1000204,14.5,1
1000233,1000204,14.4,1
1000232,1000204,14.3,1
1000231,1000204,14.2,1
1000230,1000204,14.1,1
1000229,1000204,14.1,2
1000228,1000204,14.5,1
1000227,1000204,14.4,1
1000226,1000204,14.3,1
1000225,1000204,14.2,1
1000224,1000204,14.1,1
1000223,1000204,14.5,2
1000222,1000204,14.4,2
1000221,1000204,14.3,2
1000220,1000204,14.2,2
1000219,1000204,14.1,3
1000158,396819,14.5,1
1000157,396819,14.4,3
1000156,396819,14.3,3
1000155,396819,14.2,3
1000154,396819,14.1,3
1000153,396819,14.5,1
1000152,396819,14.3,1
1000151,396819,14.1,1
1000150,396819,14.5,3
1000149,396819,14.4,5
1000148,396819,14.3,5
1000147,396819,14.2,5
1000146,396819,14.1,5
1000145,396819,14.5,1
1000144,396819,14.4,2
1000143,396819,14.3,2
1000142,396819,14.2,2
1000141,396819,14.1,2
1000140,396819,14.5,3
1000139,396819,14.4,3
1000138,396819,14.3,3
1000137,396819,14.2,3
1000136,396819,14.1,3
1000135,396819,14.5,3
1000134,396819,14.4,3
1000133,396819,14.3,3
1000132,396819,14.2,3
1000131,396819,14.1,3
1000130,396819,14.5,2
1000129,396819,14.4,2
1000128,396819,14.3,2
1000127,396819,14.2,2
1000126,396819,14.1,2
1000125,396819,14.5,2
1000124,396819,14.4,2
1000123,396819,14.3,2
1000122,396819,14.2,2
1000121,396819,14.1,2
1000120,396819,14.5,2
1000119,396819,14.4,2
1000118,396819,14.3,2
1000117,396819,14.2,2
1000116,396819,14.1,2
1000115,396819,14.5,1
1000114,396819,14.4,1
1000113,396819,14.3,1
1000112,396819,14.2,1
1000111,396819,14.1,1
1000110,396819,14.5,1
1000109,396819,14.4,1
1000108,396819,14.3,1
1000107,396819,14.2,1
1000106,396819,14.1,1
1000105,396819,14.5,1
1000104,396819,14.4,1
1000103,396819,14.3,1
1000102,396819,14.2,1
1000101,396819,14.1,1
1000100,396819,14.5,2
1000099,396819,14.4,2
1000098,396819,14.3,2
1000097,396819,14.2,2
1000096,396819,14.1,2
1000095,396819,14.5,1
1000094,396819,14.4,1
1000093,396819,14.3,1
1000092,396819,14.2,1
1000091,396819,14.1,1
1000090,396819,14.5,2
1000089,396819,14.4,5
1000088,396819,14.3,5
1000087,396819,14.2,2
1000086,396819,14.1,5
1000084,396819,14.5,3
1000083,396819,14.4,5
1000082,396819,14.3,5
1000081,396819,14.2,5
1000080,396819,14.1,5
1000079,396819,14.5,1
1000078,396819,14.4,1
1000077,396819,14.3,1
1000076,396819,14.2,1
1000075,396819,14.1,1
1000064,395871,14.5,1
1000063,395871,14.3,1
1000061,395871,14.5,1
1000060,395871,14.4,1
1000059,395871,14.3,1
1000057,395871,14.2,1
1000056,395871,14.1,1
1000044,396002,14.5,1
1000041,396002,14.4,1
1000039,396002,14.2,1
1000038,396002,14.1,1
396916,395871,14.5,2
396915,395871,14.4,2
396914,395871,14.3,2
396913,395871,14.2,2
396912,395871,14.1,2
396909,396308,14.5,2
396908,396308,14.4,2
396907,396308,14.3,2
396906,396308,14.2,2
396905,396308,14.1,2
396840,396835,14.3,3
396839,396835,14.1,2
396838,396835,14.2,5
396799,396770,14.1,1
396640,395373,14.5,1
396639,395373,14.4,1
396638,395373,14.3,1
396636,395373,14.2,1
396635,395373,14.1,1
396516,396508,14.4,1
396512,396508,14.2,1
396511,396508,14.2,1
396509,396508,14.1,1
396506,396492,14.1,1
396505,396492,14.1,2
396496,396492,14.1,1
396382,396308,14.5,1
396381,396308,14.4,2
396380,396308,14.3,2
396379,396308,14.2,2
396378,396308,14.1,2
396377,395871,14.5,1
396375,395871,14.4,2
396373,395871,14.3,2
396372,395871,14.2,3
396370,395871,14.1,2
396365,396308,14.5,2
396364,396308,14.4,2
396363,396308,14.3,2
396362,396308,14.2,2
396361,396308,14.1,2
396334,396308,14.5,1
396333,396308,14.4,1
396332,396308,14.3,1
396331,396308,14.2,1
396330,396308,14.1,1
396329,396308,14.5,1
396328,396308,14.4,1
396327,396308,14.3,1
396326,396308,14.2,1
396325,396308,14.1,1
396305,396272,14.5,1
396304,396272,14.4,1
396302,396272,14.2,1
396301,396272,14.1,1
396278,396272,14.5,1
396277,396272,14.4,1
396276,396272,14.3,1
396275,396272,14.2,1
396274,396272,14.1,1
396262,396002,14.4,1
396261,396002,14.3,1
396260,396002,14.2,1
396253,396248,14.5,2
396252,396248,14.4,2
396251,396248,14.3,2
396250,396248,14.2,2
396249,396248,14.1,2
396242,395871,14.5,1
396241,395871,14.4,1
396240,395871,14.3,1
396239,395871,14.2,1
396238,395871,14.1,1
396235,395871,14.3,1
396234,395871,14.2,1
396233,395871,14.1,1
396232,395871,14.5,3
396231,395871,14.4,3
396230,395871,14.3,5
396229,395871,14.2,5
396228,395871,14.1,5
396227,395871,14.5,2
396226,395871,14.4,2
396225,395871,14.3,1
396224,395871,14.2,2
396223,395871,14.1,3
396212,395871,14.5,1
396211,395871,14.4,3
396210,395871,14.3,1
396209,395871,14.2,3
396208,395871,14.1,3
396207,395871,14.5,1
396206,395871,14.4,1
396205,395871,14.3,1
396204,395871,14.2,1
396203,395871,14.1,1
396202,395871,14.5,1
396201,395871,14.4,1
396200,395871,14.3,1
396199,395871,14.2,2
396198,395871,14.1,2
396197,395871,14.5,1
396196,395871,14.4,1
396195,395871,14.3,1
396194,395871,14.2,2
396193,395871,14.1,2
396008,396002,14.5,1
396007,396002,14.4,1
396006,396002,14.3,1
396005,396002,14.2,1
396004,396002,14.1,1
395926,395855,14.5,1
395918,395855,14.4,1
395917,395855,14.4,1
395916,395855,14.4,1
395866,395855,14.3,1
395865,395855,14.3,1
395864,395855,14.2,1
395860,395855,14.2,1
395846,395835,14.5,2
395843,395835,14.5,1
395839,395835,14.4,1
395837,395835,14.2,1
395771,353134,14.3,5
395770,353134,14.3,3
395769,353345,14.1,3
395768,353345,14.1,2
395727,353256,14.4,5
395726,353256,14.4,3
395425,392530,14.3,3
395424,392530,14.3,2
395423,392530,14.4,3
395422,392530,14.5,3
395421,392530,14.5,1
395418,392530,14.2,3
395417,392530,14.2,3
395416,392530,14.2,1
395414,392530,14.5,2
395412,392530,14.4,3
395411,392530,14.4,2
395410,392530,14.2,3
395407,392530,14.3,5
395388,395373,14.5,2
395387,395373,14.3,2
395386,395373,14.1,2
395385,395373,14.5,1
395384,395373,14.4,1
395383,395373,14.3,1
395382,395373,14.2,1
395381,395373,14.1,1
395380,395373,14.5,2
395379,395373,14.4,2
395378,395373,14.3,2
395377,395373,14.2,2
395376,395373,14.1,2
395197,395174,14.5,1
395196,395174,14.4,1
395195,395174,14.3,1
395193,395174,14.1,1
395191,395174,14.5,5
395190,395174,14.4,5
395189,395174,14.3,5
395188,395174,14.2,5
395187,395174,14.1,5
395185,395174,14.5,1
395184,395174,14.4,1
395183,395174,14.3,1
395181,395174,14.1,1
395179,395174,14.5,1
395178,395174,14.4,1
395177,395174,14.3,1
395176,395174,14.2,1
395175,395174,14.1,1
394979,383958,14.2,2
394978,383958,14.1,2
394971,396492,14.1,1
393891,393793,14.3,2
393799,393793,14.3,2
393260,381608,14.1,1
392767,392743,14.3,1
392561,1004171,14.3,1
392557,1004171,14.3,1
392556,1004171,14.3,1
392555,1004171,14.2,2
392554,1004171,14.2,2
392553,1004171,14.2,3
392552,1004171,14.2,2
392551,1004171,14.3,1
392550,1004171,14.3,2
392549,1004171,14.3,3
392546,1004171,14.3,2
392526,257560,14.2,2
392524,257560,14.4,1
392523,257560,14.3,2
392521,257560,14.2,3
392467,384036,14.2,3
392391,396415,14.3,3
392379,384036,14.1,2
392303,354680,14.1,3
392302,354680,14.1,5
392157,385442,14.3,3
392151,257560,14.4,2
392150,257560,14.2,2
392149,257560,14.1,1
392132,385442,14.2,5
392075,388076,14.3,2
392038,387276,14.2,8
392037,387276,14.1,8
392032,387276,14.2,2
392026,387276,14.1,3
391932,385856,14.1,1
391812,368860,14.4,3
391772,297335,14.2,3
391721,384036,14.1,2
391720,384036,14.3,5
391719,384036,14.2,2
391709,384036,14.3,2
391705,384036,14.3,3
391703,384036,14.1,3
391679,384036,14.4,3
391678,384036,14.1,1
391563,377437,14.4,3
391536,385856,14.2,1
391520,385856,14.3,8
391519,385856,14.2,2
391518,385856,14.3,2
391517,385856,14.2,2
391512,384136,14.1,5
391509,384036,14.2,1
391507,384036,14.3,2
391465,384036,14.2,5
391459,354680,14.2,2
391458,354680,14.2,1
391457,354680,14.2,3
391456,384036,14.2,1
391455,354680,14.2,1
391353,384036,14.2,3
391338,384036,14.3,5
391273,384036,14.2,8
391233,386935,14.2,1
391224,386935,14.4,2
391183,392743,14.3,3
390895,354680,14.2,1
390401,387276,14.1,2
390400,387276,14.1,1
390398,387276,14.2,2
390317,297335,14.5,2
390316,297335,14.4,2
390299,385856,14.4,2
390238,384136,14.2,2
390237,384136,14.4,2
390232,384136,14.2,5
390119,384136,14.3,5
390060,318430,14.2,3
389887,384136,14.4,2
389886,384136,14.4,3
389884,384136,14.3,3
389882,384136,14.3,3
389813,384136,14.1,5
389796,384136,14.4,5
389794,384136,14.4,3
389788,384136,14.4,3
389745,387276,14.3,2
389681,387276,14.3,8
389654,385856,14.4,2
389647,385856,14.3,5
389452,354680,14.2,2
389451,354680,14.1,2
389288,377408,14.2,5
389252,383165,14.1,3
389249,383165,14.1,3
389247,383165,14.1,2
388555,388549,14.1,8
388554,388549,14.1,5
388553,388549,14.1,8
388548,354174,14.2,1
388534,385856,14.2,5
388478,383165,14.4,5
388473,383165,14.5,1
388471,383165,14.4,1
388158,388053,14.2,5
388157,388053,14.1,5
388156,388053,14.1,3
388155,388053,14.4,5
388026,388004,14.2,3
388021,388004,14.1,5
387884,390441,14.4,5
387883,390441,14.3,5
387371,384136,14.1,5
387278,387276,14.4,8
387277,387276,14.5,2
387236,384136,14.1,3
386950,386935,14.3,5
386949,386935,14.4,1
386948,386935,14.4,1
386946,386935,14.4,2
386943,386935,14.2,1
386942,386935,14.3,2
386941,386935,14.2,2
386940,386935,14.2,5
386939,386935,14.3,2
386938,386935,14.2,3
385905,354680,14.3,2
385901,354680,14.5,5
385900,354680,14.1,1
385899,354680,14.4,1
385890,385856,14.2,3
385888,385856,14.1,5
385887,385856,14.2,2
385886,385856,14.1,5
385883,385856,14.1,1
385881,385856,14.2,3
385880,385856,14.3,5
385877,385856,14.1,5
385874,385856,14.1,2
385869,385856,14.1,8
385643,384084,14.3,5
385641,384036,14.1,3
385603,376446,14.3,3
385602,376446,14.4,1
385600,376446,14.2,2
385599,376446,14.1,5
385455,257560,14.2,2
385454,257560,14.2,5
385453,257560,14.1,3
385452,257560,14.1,1
385447,384084,14.1,5
385444,385442,14.4,2
384597,297335,14.4,3
384596,297335,14.5,5
384240,384084,14.2,1
384147,384136,14.2,5
384144,384136,14.1,5
384141,384136,14.3,5
384138,384136,14.3,2
384098,384084,14.4,1
384097,384084,14.4,2
384095,384084,14.3,3
384094,384084,14.3,2
384092,384084,14.2,1
384089,384084,14.1,3
384088,384084,14.4,1
384087,384084,14.2,3
384086,384084,14.4,3
384071,384036,14.2,5
384069,384036,14.2,2
384067,384036,14.4,1
383966,383958,14.3,3
383075,381524,14.3,2
383074,381524,14.2,3
382838,396663,14.5,2
382837,396663,14.5,1
382836,396663,14.4,1
382835,396663,14.3,1
382833,396663,14.1,1
382693,354680,14.1,1
382275,354174,14.1,5
381984,373090,14.4,1
379766,379761,14.4,1
379765,379761,14.3,5
379764,379761,14.1,2
379762,379761,14.2,1
378009,378000,14.1,1
378002,378000,14.1,1
377718,243502,14.2,1
377438,377437,14.5,5
377415,377408,14.4,1
377413,377408,14.1,3
377412,377408,14.2,3
377411,377408,14.3,3
376472,318430,14.1,3
376457,373090,14.2,1
376456,373090,14.3,1
376334,382895,14.4,2
376333,382895,14.3,2
376331,382895,14.4,2
376330,382895,14.4,2
375701,373090,14.2,2
375324,382895,14.4,2
375203,297335,14.3,3
374909,297335,14.1,3
372930,373090,14.4,1
372929,373090,14.4,1
371236,382895,14.4,1
367622,373090,14.2,1
363347,243502,14.1,1
355507,355229,14.5,3
355497,355229,14.4,8
355495,355229,14.3,8
355485,355228,14.5,1
355475,355228,14.2,5
355474,355228,14.3,5
355469,355228,14.5,3
355467,355228,14.4,5
354939,354871,14.1,1
354910,354680,14.3,2
354909,354680,14.3,2
354830,354680,14.1,5
354763,352931,14.5,3
354762,352931,14.4,5
354761,352931,14.2,3
354733,354680,14.1,1
354689,354680,14.4,1
354687,354680,14.3,2
354686,354680,14.1,5
354685,354680,14.4,2
354683,354680,14.2,2
354682,354680,14.5,2
354681,354680,14.1,3
354666,352931,14.4,2
354558,354680,14.2,2
354412,354372,14.4,3
354395,354372,14.5,2
354193,354174,14.1,2
354182,354174,14.3,8
354181,354174,14.3,2
354179,354174,14.4,1
354176,354174,14.4,1
353380,353345,14.1,1
353350,353345,14.2,1
353349,353345,14.1,3
353348,353345,14.1,2
353347,353345,14.1,1
353262,353256,14.5,1
353261,353256,14.4,3
353259,353256,14.4,2
353255,353134,14.2,3
353254,353134,14.4,1
353253,353134,14.3,5
353185,353134,14.3,3
353136,353134,14.2,1
352414,279283,14.2,3
352413,279283,14.1,3
352412,279283,14.1,3
352411,279283,14.4,3
352410,279283,14.3,3
352409,279283,14.2,3
352408,279283,14.3,3
352407,279283,14.2,3
352406,279283,14.1,3
352403,279283,14.2,3
352347,279283,14.1,3
344115,297335,14.4,2
343918,243502,14.2,1
343917,243502,14.2,1
343914,243502,14.1,1
343885,243502,14.1,1
342873,293338,14.3,5
342862,293338,14.2,3
342802,293338,14.2,8
342560,293338,14.4,5
342026,342018,14.1,1
334396,297335,14.3,5
328589,395871,14.1,1
318462,1011279,14.4,2
318439,318430,14.1,2
318432,318430,14.1,3
318420,1011279,14.3,3
318389,318380,14.1,1
305904,297335,14.3,1
293610,279283,14.5,5
290268,257560,14.3,2
284314,297335,14.3,3
